,country_id,country,year,main_mean,actuals_last_12months,predicted_change_in_percent,predicted_violence_category
30,9,Brazil,2026,60.6417,18.0,236.89833333333334,medium
33,67,Algeria,2026,52.327,35.0,49.505714285714284,medium
31,4,Venezuela,2026,53.3553,36.0,48.20916666666666,medium
36,11,Ecuador,2026,27.9774,23.0,21.64086956521739,medium
32,237,Kenya,2026,53.0112,47.0,12.789787234042556,medium
37,214,Chad,2026,27.0168,43.0,-37.17023255813954,medium
34,150,Thailand,2026,42.7419,77.0,-44.49103896103896,medium
35,74,Benin,2026,29.4812,168.0,-82.45166666666667,medium
