,country_id,country,year,main_mean,actuals_last_12months,predicted_change_in_percent,predicted_violence_category
27,9,Brazil,2025,59.7261,25.0,138.9044,medium
28,17,Mexico,2025,58.0416,25.0,132.1664,medium
26,138,Bangladesh,2025,62.1363,39.0,59.32384615384615,medium
33,150,Thailand,2025,34.2841,33.0,3.891212121212128,medium
29,74,Benin,2025,50.7123,71.0,-28.574225352112677,medium
32,209,Indonesia,2025,35.8513,63.0,-43.0931746031746,medium
25,24,Haiti,2025,78.2901,171.0,-54.21631578947369,medium
31,214,Chad,2025,35.9288,85.0,-57.73082352941176,medium
30,128,Iran,2025,47.073100000000004,168.0,-71.98029761904762,medium
