,country_id,country,year,main_mean,actuals_last_12months,predicted_change_in_percent,predicted_violence_category
32,213,Libya,2026,30.7984,12.0,156.65333333333334,medium
34,9,Brazil,2026,25.5422,18.0,41.90111111111111,medium
28,237,Kenya,2026,63.2626,47.0,34.60127659574468,medium
30,214,Chad,2026,40.2466,43.0,-6.403255813953486,medium
33,67,Algeria,2026,25.7728,35.0,-26.36342857142857,medium
27,209,Indonesia,2026,80.3668,119.0,-32.46487394957983,medium
29,150,Thailand,2026,44.9453,77.0,-41.629480519480516,medium
26,70,Central African Republic,2026,88.5107,226.0,-60.83597345132744,medium
31,74,Benin,2026,36.870599999999996,168.0,-78.05321428571429,medium
